calib_targets,sector
ef_ippu_tonne_co2_per_tonne_production_cement_clinker,IPPU
ef_ippu_tonne_co2_per_tonne_production_chemicals,IPPU
ef_ippu_tonne_co2_per_tonne_production_glass,IPPU
ef_ippu_tonne_co2_per_tonne_production_lime_and_carbonite,IPPU
ef_ippu_tonne_co2_per_tonne_production_metals,IPPU
ef_ippu_tonne_n2o_per_mmm_gdp_other_product_manufacturing,IPPU
ef_ippu_tonne_n2o_per_tonne_production_chemicals,IPPU
ef_ippu_tonne_sf6_per_mmm_gdp_other_product_manufacturing,IPPU
ef_ippu_tonne_sf6_per_tonne_production_electronics,IPPU
elasticity_ippu_cement_production_to_gdp,IPPU
elasticity_ippu_chemicals_production_to_gdp,IPPU
elasticity_ippu_electronics_production_to_gdp,IPPU
elasticity_ippu_glass_production_to_gdp,IPPU
elasticity_ippu_lime_and_carbonite_production_to_gdp,IPPU
elasticity_ippu_metals_production_to_gdp,IPPU
elasticity_ippu_paper_production_to_gdp,IPPU
elasticity_ippu_plastic_production_to_gdp,IPPU
elasticity_ippu_rubber_and_leather_production_to_gdp,IPPU
elasticity_ippu_textiles_production_to_gdp,IPPU
prodinit_ippu_recycled_glass_tonne,IPPU
prodinit_ippu_recycled_metals_tonne,IPPU
prodinit_ippu_recycled_paper_tonne,IPPU
prodinit_ippu_recycled_plastic_tonne,IPPU
prodinit_ippu_recycled_rubber_and_leather_tonne,IPPU
prodinit_ippu_recycled_textiles_tonne,IPPU
qty_ippu_cement_tonne_cod_per_m3_ww,IPPU
qty_ippu_chemicals_tonne_cod_per_m3_ww,IPPU
qty_ippu_electronics_tonne_cod_per_m3_ww,IPPU
qty_ippu_glass_tonne_cod_per_m3_ww,IPPU
qty_ippu_lime_and_carbonite_tonne_cod_per_m3_ww,IPPU
qty_ippu_metals_tonne_cod_per_m3_ww,IPPU
qty_ippu_paper_tonne_cod_per_m3_ww,IPPU
qty_ippu_plastic_tonne_cod_per_m3_ww,IPPU
qty_ippu_recycled_metals_tonne_cod_per_m3_ww,IPPU
qty_ippu_recycled_paper_tonne_cod_per_m3_ww,IPPU
qty_ippu_recycled_plastic_tonne_cod_per_m3_ww,IPPU
qty_ippu_recycled_rubber_and_leather_tonne_cod_per_m3_ww,IPPU
qty_ippu_recycled_textiles_tonne_cod_per_m3_ww,IPPU
qty_ippu_rubber_and_leather_tonne_cod_per_m3_ww,IPPU
qty_ippu_textiles_tonne_cod_per_m3_ww,IPPU
vol_ippu_cement_m3_ww_per_tonne_production,IPPU
vol_ippu_chemicals_m3_ww_per_tonne_production,IPPU
vol_ippu_electronics_m3_ww_per_tonne_production,IPPU
vol_ippu_glass_m3_ww_per_tonne_production,IPPU
vol_ippu_lime_and_carbonite_m3_ww_per_tonne_production,IPPU
vol_ippu_metals_m3_ww_per_tonne_production,IPPU
vol_ippu_paper_m3_ww_per_tonne_production,IPPU
vol_ippu_plastic_m3_ww_per_tonne_production,IPPU
vol_ippu_recycled_metals_m3_ww_per_tonne_production,IPPU
vol_ippu_recycled_paper_m3_ww_per_tonne_production,IPPU
vol_ippu_recycled_plastic_m3_ww_per_tonne_production,IPPU
vol_ippu_recycled_rubber_and_leather_m3_ww_per_tonne_production,IPPU
vol_ippu_recycled_textiles_m3_ww_per_tonne_production,IPPU
vol_ippu_rubber_and_leather_m3_ww_per_tonne_production,IPPU
vol_ippu_textiles_m3_ww_per_tonne_production,IPPU
net_imports_cement_clinker_tonne,IPPU
frac_ippu_cement_clinker,IPPU
ef_ippu_tonne_c2hf5_per_mmm_gdp_product_use_ods_refrigeration,IPPU
ef_ippu_tonne_chf3_per_mmm_gdp_product_use_ods_refrigeration,IPPU
ef_ippu_tonne_chf2cf3_per_mmm_gdp_product_use_ods_refrigeration,IPPU
ef_ippu_tonne_c2h3f3_per_mmm_gdp_product_use_ods_refrigeration,IPPU
ef_ippu_tonne_cf4_per_tonne_production_electronics,IPPU
ef_ippu_tonne_cf4_per_mmm_gdp_product_use_ods_other,IPPU
ef_ippu_tonne_ch3chf2_per_mmm_gdp_product_use_ods_refrigeration,IPPU
ef_ippu_tonne_c2f6_per_mmm_gdp_product_use_ods_other,IPPU
ef_ippu_tonne_c5h2f10_per_mmm_gdp_product_use_ods_other,IPPU
ef_ippu_tonne_chf3_per_mmm_gdp_product_use_ods_other,IPPU
ef_ippu_tonne_ch4_per_tonne_production_plastic,IPPU
ef_ippu_tonne_c2f6_per_tonne_production_electronics,IPPU
ef_ippu_tonne_ch2f2_per_tonne_production_electronics,IPPU
ef_ippu_tonne_ch3chf2_per_mmm_gdp_product_use_ods_other,IPPU
ef_ippu_tonne_ch4_per_tonne_production_chemicals,IPPU
ef_ippu_tonne_cc4f8_per_tonne_production_electronics,IPPU
ef_ippu_tonne_chf2cf3_per_mmm_gdp_product_use_ods_other,IPPU
ef_ippu_tonne_ch2f2_per_mmm_gdp_product_use_ods_refrigeration,IPPU
ef_ippu_tonne_c2hf5_per_mmm_gdp_product_use_ods_other,IPPU
ef_ippu_tonne_ch4_per_tonne_production_metals,IPPU
ef_ippu_tonne_c6f14_per_mmm_gdp_product_use_ods_other,IPPU
ef_ippu_tonne_c4h5f5_per_mmm_gdp_product_use_ods_other,IPPU
demscalar_ippu_metals,IPPU
demscalar_ippu_paper,IPPU
demscalar_ippu_other_product_manufacturing,IPPU
ef_ippu_tonne_co2_per_tonne_production_plastic,IPPU
demscalar_ippu_cement,IPPU
demscalar_ippu_construction_and_demolition,IPPU
demscalar_ippu_lime_and_carbonite,IPPU
demscalar_ippu_other_industries,IPPU
demscalar_ippu_textiles,IPPU
demscalar_ippu_rubber_and_leather,IPPU
demscalar_ippu_electronics,IPPU
demscalar_ippu_plastic,IPPU
demscalar_ippu_glass,IPPU
demscalar_ippu_chemicals,IPPU
density_wali_kg_n_per_m3_ww_industrial,CircularEconomy
logelasticity_wali_qty_prod_to_gdp_per_capita,CircularEconomy
physparam_wali_bo_tonne_ch4_tonne_bod,CircularEconomy
physparam_wali_bo_tonne_ch4_tonne_cod,CircularEconomy
physparam_wali_daily_kg_bod_per_capita,CircularEconomy
physparam_wali_p_per_bod,CircularEconomy
physparam_wali_p_per_cod,CircularEconomy
physparam_wali_tonne_cod_per_mmm_gdp,CircularEconomy
qty_wali_m3_ww_domestic_rural_per_capita,CircularEconomy
qty_wali_m3_ww_domestic_urban_per_capita,CircularEconomy
qty_wali_m3_ww_industrial_per_gdp,CircularEconomy
ef_waso_biogas_kg_ch4_per_kg_food,CircularEconomy
ef_waso_biogas_kg_ch4_per_kg_sludge,CircularEconomy
ef_waso_biogas_kg_ch4_per_kg_yard,CircularEconomy
ef_waso_compost_kg_ch4_per_kg_food,CircularEconomy
ef_waso_compost_kg_ch4_per_kg_sludge,CircularEconomy
ef_waso_compost_kg_ch4_per_kg_yard,CircularEconomy
ef_waso_compost_kg_n2o_per_kg_food,CircularEconomy
ef_waso_compost_kg_n2o_per_kg_sludge,CircularEconomy
ef_waso_compost_kg_n2o_per_kg_yard,CircularEconomy
ef_waso_incineration_kg_ch4_per_kg_isw,CircularEconomy
ef_waso_incineration_kg_ch4_per_kg_msw,CircularEconomy
ef_waso_incineration_tonne_n2o_per_tonne_chemical_industrial,CircularEconomy
ef_waso_incineration_tonne_n2o_per_tonne_food,CircularEconomy
ef_waso_incineration_tonne_n2o_per_tonne_glass,CircularEconomy
ef_waso_incineration_tonne_n2o_per_tonne_metal,CircularEconomy
ef_waso_incineration_tonne_n2o_per_tonne_nappies,CircularEconomy
ef_waso_incineration_tonne_n2o_per_tonne_other,CircularEconomy
ef_waso_incineration_tonne_n2o_per_tonne_paper,CircularEconomy
ef_waso_incineration_tonne_n2o_per_tonne_plastic,CircularEconomy
ef_waso_incineration_tonne_n2o_per_tonne_rubber_leather,CircularEconomy
ef_waso_incineration_tonne_n2o_per_tonne_sludge,CircularEconomy
ef_waso_incineration_tonne_n2o_per_tonne_textiles,CircularEconomy
ef_waso_incineration_tonne_n2o_per_tonne_wood,CircularEconomy
ef_waso_incineration_tonne_n2o_per_tonne_yard,CircularEconomy
elasticity_waso_msw_to_gdppc_food,CircularEconomy
elasticity_waso_msw_to_gdppc_glass,CircularEconomy
elasticity_waso_msw_to_gdppc_metal,CircularEconomy
elasticity_waso_msw_to_gdppc_nappies,CircularEconomy
elasticity_waso_msw_to_gdppc_other,CircularEconomy
elasticity_waso_msw_to_gdppc_paper,CircularEconomy
elasticity_waso_msw_to_gdppc_plastic,CircularEconomy
elasticity_waso_msw_to_gdppc_rubber_leather,CircularEconomy
elasticity_waso_msw_to_gdppc_textiles,CircularEconomy
elasticity_waso_msw_to_gdppc_wood,CircularEconomy
elasticity_waso_msw_to_gdppc_yard,CircularEconomy
historical_back_projection_growth_rate,CircularEconomy
mcf_waso_average_landfilled,CircularEconomy
mcf_waso_average_open_dump,CircularEconomy
physparam_waso_k_chemical_industrial,CircularEconomy
physparam_waso_k_food,CircularEconomy
physparam_waso_k_nappies,CircularEconomy
physparam_waso_k_paper,CircularEconomy
physparam_waso_k_sludge,CircularEconomy
physparam_waso_k_textiles,CircularEconomy
physparam_waso_k_wood,CircularEconomy
physparam_waso_k_yard,CircularEconomy
ef_trww_treated_advanced_aerobic_g_n2o_per_g_n,CircularEconomy
ef_trww_treated_advanced_anaerobic_g_n2o_per_g_n,CircularEconomy
ef_trww_treated_latrine_improved_g_n2o_per_g_n,CircularEconomy
ef_trww_treated_latrine_unimproved_g_n2o_per_g_n,CircularEconomy
ef_trww_treated_primary_g_n2o_per_g_n,CircularEconomy
ef_trww_treated_secondary_aerobic_g_n2o_per_g_n,CircularEconomy
ef_trww_treated_secondary_anaerobic_g_n2o_per_g_n,CircularEconomy
ef_trww_untreated_no_sewerage_g_n2o_per_g_n,CircularEconomy
ef_trww_untreated_with_sewerage_g_n2o_per_g_n,CircularEconomy
frac_sludge_compliant_treated_septic,CircularEconomy
frac_trww_n_removed_treated_advanced_aerobic,CircularEconomy
frac_trww_n_removed_treated_advanced_anaerobic,CircularEconomy
frac_trww_n_removed_treated_latrine_improved,CircularEconomy
frac_trww_n_removed_treated_latrine_unimproved,CircularEconomy
frac_trww_n_removed_treated_primary,CircularEconomy
frac_trww_n_removed_treated_secondary_aerobic,CircularEconomy
frac_trww_n_removed_treated_secondary_anaerobic,CircularEconomy
frac_trww_n_removed_treated_septic,CircularEconomy
frac_trww_p_removed_treated_advanced_aerobic,CircularEconomy
frac_trww_p_removed_treated_advanced_anaerobic,CircularEconomy
frac_trww_tow_removed_treated_advanced_aerobic,CircularEconomy
frac_trww_tow_removed_treated_advanced_anaerobic,CircularEconomy
frac_trww_tow_removed_treated_latrine_improved,CircularEconomy
frac_trww_tow_removed_treated_latrine_unimproved,CircularEconomy
frac_trww_tow_removed_treated_primary,CircularEconomy
frac_trww_tow_removed_treated_secondary_aerobic,CircularEconomy
frac_trww_tow_removed_treated_secondary_anaerobic,CircularEconomy
frac_trww_tow_removed_treated_septic,CircularEconomy
frac_trww_tow_removed_untreated_no_sewerage,CircularEconomy
frac_trww_tow_removed_untreated_with_sewerage,CircularEconomy
mcf_trww_treated_advanced_aerobic,CircularEconomy
mcf_trww_treated_advanced_anaerobic,CircularEconomy
mcf_trww_treated_latrine_improved,CircularEconomy
mcf_trww_treated_latrine_unimproved,CircularEconomy
mcf_trww_treated_primary,CircularEconomy
mcf_trww_treated_secondary_aerobic,CircularEconomy
mcf_trww_treated_secondary_anaerobic,CircularEconomy
mcf_trww_treated_septic,CircularEconomy
mcf_trww_untreated_no_sewerage,CircularEconomy
mcf_trww_untreated_with_sewerage,CircularEconomy
physparam_krem_sludge_factor_treated_advanced_aerobic,CircularEconomy
physparam_krem_sludge_factor_treated_secondary_aerobic,CircularEconomy
occrateinit_gnrl_occupancy,CircularEconomy
qty_waso_initial_municipal_waste_tonne_per_capita,CircularEconomy
gasrf_waso_biogas,CircularEconomy
factor_waso_waste_per_capita_scalar_chemical_industrial,CircularEconomy
gasrf_waso_landfill_to_ch4,CircularEconomy
oxf_waso_average_landfilled,CircularEconomy
gasrf_trww_biogas_treated_advanced_anaerobic,CircularEconomy
frac_waso_non_recycled_open_dump,CircularEconomy
frac_waso_initial_composition_ind_food,CircularEconomy
frac_waso_initial_composition_ind_wood,CircularEconomy
factor_waso_waste_per_capita_scalar_plastic,CircularEconomy
frac_waso_initial_composition_mun_sludge,CircularEconomy
frac_waso_recycled_rubber_leather,CircularEconomy
frac_waso_compost_food,CircularEconomy
frac_waso_compost_sludge,CircularEconomy
frac_waso_recycled_glass,CircularEconomy
frac_waso_biogas_food,CircularEconomy
frac_waso_msw_incinerated_recovered_for_energy,CircularEconomy
factor_waso_waste_per_capita_scalar_sludge,CircularEconomy
frac_waso_initial_composition_ind_plastic,CircularEconomy
factor_waso_waste_per_capita_scalar_nappies,CircularEconomy
gasrf_trww_biogas_treated_secondary_anaerobic,CircularEconomy
param_wali_n_hh_scalar,CircularEconomy
frac_waso_recycled_wood,CircularEconomy
factor_waso_waste_per_capita_scalar_paper,CircularEconomy
frac_waso_initial_composition_ind_nappies,CircularEconomy
factor_waso_waste_per_capita_scalar_glass,CircularEconomy
frac_waso_non_recycled_incinerated,CircularEconomy
factor_waso_waste_per_capita_scalar_rubber_leather,CircularEconomy
vkmt_per_vehicle_waso,CircularEconomy
factor_waso_waste_per_capita_scalar_wood,CircularEconomy
frac_waso_recycled_textiles,CircularEconomy
qty_waso_industrial_waste_kt_per_mmm_gdp,CircularEconomy
frac_waso_initial_composition_ind_glass,CircularEconomy
frac_waso_non_recycled_landfilled,CircularEconomy
factor_waso_waste_per_capita_scalar_metal,CircularEconomy
frac_waso_initial_composition_ind_other,CircularEconomy
frac_waso_recycled_plastic,CircularEconomy
frac_waso_initial_composition_ind_rubber_leather,CircularEconomy
frac_waso_biogas_yard,CircularEconomy
frac_waso_recycled_metal,CircularEconomy
factor_waso_waste_per_capita_scalar_yard,CircularEconomy
elasticity_gnrl_rate_occupancy_to_gdppc,CircularEconomy
frac_waso_initial_composition_ind_paper,CircularEconomy
frac_waso_initial_composition_ind_yard,CircularEconomy
gasrf_trww_biogas_treated_secondary_aerobic,CircularEconomy
frac_waso_initial_composition_ind_textiles,CircularEconomy
frac_waso_initial_composition_ind_chemical_industrial,CircularEconomy
frac_waso_biogas_sludge,CircularEconomy
frac_waso_compost_methane_flared,CircularEconomy
frac_waso_initial_composition_ind_metal,CircularEconomy
frac_waso_compost_yard,CircularEconomy
frac_waso_lgc_recovered_for_energy,CircularEconomy
gasrf_trww_biogas_treated_advanced_aerobic,CircularEconomy
factor_waso_waste_per_capita_scalar_textiles,CircularEconomy
frac_waso_initial_composition_ind_sludge,CircularEconomy
frac_waso_initial_composition_mun_chemical_industrial,CircularEconomy
factor_waso_waste_per_capita_scalar_other,CircularEconomy
frac_waso_isw_incinerated_recovered_for_energy,CircularEconomy
elasticity_protein_in_diet_to_gdppc,CircularEconomy
frac_gnrl_eating_red_meat,CircularEconomy
frac_waso_recycled_paper,CircularEconomy
genfactor_lvst_daily_volatile_solids_cattle_nondairy,AFOLU
mcf_lsmm_deep_bedding,AFOLU
mcf_lsmm_daily_spread,AFOLU
mcf_lsmm_composting,AFOLU
mcf_lsmm_anaerobic_lagoon,AFOLU
mcf_lsmm_anaerobic_digester,AFOLU
frac_lsmm_n_loss_volatilisation_storage_solid,AFOLU
mcf_lsmm_dry_lot,AFOLU
frac_lsmm_n_loss_volatilisation_poultry_manure,AFOLU
frac_lsmm_n_loss_volatilisation_liquid_slurry,AFOLU
frac_lsmm_n_loss_volatilisation_incineration,AFOLU
frac_lsmm_n_loss_volatilisation_dry_lot,AFOLU
frac_lsmm_n_loss_volatilisation_deep_bedding,AFOLU
frac_lsmm_n_loss_volatilisation_daily_spread,AFOLU
frac_lsmm_n_loss_volatilisation_composting,AFOLU
frac_lsmm_n_loss_volatilisation_paddock_pasture_range,AFOLU
mcf_lsmm_incineration,AFOLU
mcf_lsmm_liquid_slurry,AFOLU
mcf_lsmm_paddock_pasture_range,AFOLU
frac_lndu_soil_mineral_forests_mangroves,AFOLU
frac_lndu_soil_mineral_croplands,AFOLU
ef_soil_ef4_n_volatilisation_n2o_wet_climate,AFOLU
ef_soil_ef2_n_drained_managed_soils_n2o_tropical_forest_kg_n2on_ha,AFOLU
ef_soil_ef2_n_drained_managed_soils_n2o_tropical_crop_grass_kg_n2on_ha,AFOLU
ef_soil_ef2_n_drained_managed_soils_n2o_temperate_forest_nutrient_rich_kg_n2on_ha,AFOLU
ef_soil_ef2_n_drained_managed_soils_n2o_temperate_forest_nutrient_poor_kg_n2on_ha,AFOLU
ef_soil_ef2_n_drained_managed_soils_n2o_temperate_crop_grass_kg_n2on_ha,AFOLU
ef_soil_ef1_n_synthetic_fertilizer_n2o_wet_climate,AFOLU
ef_soil_ef1_n_organic_amerndments_fertilizer_n2o_wet_climate,AFOLU
ef_soil_c_liming_limestone,AFOLU
ef_soil_c_liming_dolomite,AFOLU
ratio_lsmm_n2_to_n2o,AFOLU
mcf_lsmm_storage_solid,AFOLU
mcf_lsmm_poultry_manure,AFOLU
frac_lsmm_n_loss_volatilisation_anaerobic_lagoon,AFOLU
frac_lsmm_n_loss_volatilisation_anaerobic_digester,AFOLU
frac_lsmm_n_loss_leaching_poultry_manure,AFOLU
frac_lsmm_n_loss_leaching_paddock_pasture_range,AFOLU
ef_lsmm_direct_management_anaerobic_digester_n2o_per_n,AFOLU
physparam_lvst_bo_sheep_kg_ch4_kg_manure,AFOLU
physparam_lvst_bo_pigs_kg_ch4_kg_manure,AFOLU
physparam_lvst_bo_mules_kg_ch4_kg_manure,AFOLU
physparam_lvst_bo_horses_kg_ch4_kg_manure,AFOLU
physparam_lvst_bo_goats_kg_ch4_kg_manure,AFOLU
physparam_lvst_bo_chickens_kg_ch4_kg_manure,AFOLU
physparam_lvst_bo_cattle_nondairy_kg_ch4_kg_manure,AFOLU
physparam_lvst_bo_cattle_dairy_kg_ch4_kg_manure,AFOLU
physparam_lvst_bo_buffalo_kg_ch4_kg_manure,AFOLU
genfactor_lvst_daily_volatile_solids_sheep,AFOLU
genfactor_lvst_daily_volatile_solids_pigs,AFOLU
genfactor_lvst_daily_volatile_solids_mules,AFOLU
genfactor_lvst_daily_volatile_solids_horses,AFOLU
ef_lsmm_direct_management_composting_n2o_per_n,AFOLU
frac_lndu_soil_mineral_forests_primary,AFOLU
ef_lsmm_direct_management_deep_bedding_n2o_per_n,AFOLU
ef_lsmm_direct_management_poultry_manure_n2o_per_n,AFOLU
frac_lsmm_n_loss_leaching_liquid_slurry,AFOLU
frac_lsmm_n_loss_leaching_incineration,AFOLU
frac_lsmm_n_loss_leaching_dry_lot,AFOLU
frac_lsmm_n_loss_leaching_deep_bedding,AFOLU
frac_lsmm_n_loss_leaching_daily_spread,AFOLU
frac_lsmm_n_loss_leaching_anaerobic_lagoon,AFOLU
frac_lsmm_n_loss_leaching_anaerobic_digester,AFOLU
frac_lsmm_manure_to_fertilizer_storage_solid,AFOLU
frac_lsmm_manure_to_fertilizer_poultry_manure,AFOLU
frac_lsmm_manure_to_fertilizer_liquid_slurry,AFOLU
frac_lsmm_manure_to_fertilizer_dry_lot,AFOLU
frac_lsmm_manure_to_fertilizer_deep_bedding,AFOLU
frac_lsmm_manure_to_fertilizer_daily_spread,AFOLU
frac_lsmm_manure_to_fertilizer_anaerobic_lagoon,AFOLU
ef_lsmm_direct_management_storage_solid_n2o_per_n,AFOLU
ef_lsmm_direct_management_dry_lot_n2o_per_n,AFOLU
frac_lndu_soil_mineral_forests_secondary,AFOLU
frac_lndu_soil_mineral_grasslands,AFOLU
frac_soil_gasf_n_volatilisation_synthetic_fertilizer_urea,AFOLU
pij_lndu_other_to_forests_primary,AFOLU
pij_lndu_other_to_forests_mangroves,AFOLU
pij_lndu_other_to_croplands,AFOLU
pij_lndu_grasslands_to_wetlands,AFOLU
pij_lndu_grasslands_to_settlements,AFOLU
pij_lndu_grasslands_to_other,AFOLU
pij_lndu_grasslands_to_grasslands,AFOLU
pij_lndu_grasslands_to_forests_secondary,AFOLU
pij_lndu_grasslands_to_forests_primary,AFOLU
pij_lndu_grasslands_to_forests_mangroves,AFOLU
pij_lndu_grasslands_to_croplands,AFOLU
pij_lndu_forests_secondary_to_wetlands,AFOLU
pij_lndu_forests_secondary_to_settlements,AFOLU
pij_lndu_forests_secondary_to_other,AFOLU
pij_lndu_forests_secondary_to_grasslands,AFOLU
pij_lndu_other_to_forests_secondary,AFOLU
pij_lndu_forests_secondary_to_forests_secondary,AFOLU
pij_lndu_other_to_grasslands,AFOLU
pij_lndu_other_to_settlements,AFOLU
pij_lndu_wetlands_to_other,AFOLU
pij_lndu_wetlands_to_grasslands,AFOLU
pij_lndu_wetlands_to_forests_secondary,AFOLU
pij_lndu_wetlands_to_forests_primary,AFOLU
pij_lndu_wetlands_to_forests_mangroves,AFOLU
pij_lndu_wetlands_to_croplands,AFOLU
pij_lndu_settlements_to_wetlands,AFOLU
pij_lndu_settlements_to_settlements,AFOLU
pij_lndu_settlements_to_other,AFOLU
pij_lndu_settlements_to_grasslands,AFOLU
pij_lndu_settlements_to_forests_secondary,AFOLU
pij_lndu_settlements_to_forests_primary,AFOLU
pij_lndu_settlements_to_forests_mangroves,AFOLU
pij_lndu_settlements_to_croplands,AFOLU
pij_lndu_other_to_wetlands,AFOLU
pij_lndu_other_to_other,AFOLU
genfactor_lvst_daily_volatile_solids_goats,AFOLU
pij_lndu_forests_secondary_to_forests_primary,AFOLU
pij_lndu_forests_secondary_to_croplands,AFOLU
pij_lndu_croplands_to_grasslands,AFOLU
pij_lndu_croplands_to_forests_secondary,AFOLU
pij_lndu_croplands_to_forests_primary,AFOLU
pij_lndu_croplands_to_forests_mangroves,AFOLU
pij_lndu_croplands_to_croplands,AFOLU
ratio_soil_organic_matter_c_to_n,AFOLU
frac_soil_leachh_n_lost_to_leaching,AFOLU
pij_lndu_croplands_to_other,AFOLU
pij_lndu_forests_secondary_to_forests_mangroves,AFOLU
pij_lndu_croplands_to_settlements,AFOLU
pij_lndu_forests_mangroves_to_croplands,AFOLU
pij_lndu_forests_primary_to_wetlands,AFOLU
pij_lndu_forests_primary_to_settlements,AFOLU
pij_lndu_forests_primary_to_other,AFOLU
pij_lndu_forests_primary_to_grasslands,AFOLU
pij_lndu_forests_primary_to_forests_secondary,AFOLU
pij_lndu_forests_primary_to_forests_primary,AFOLU
pij_lndu_forests_primary_to_forests_mangroves,AFOLU
pij_lndu_forests_primary_to_croplands,AFOLU
pij_lndu_forests_mangroves_to_wetlands,AFOLU
pij_lndu_forests_mangroves_to_settlements,AFOLU
pij_lndu_forests_mangroves_to_other,AFOLU
pij_lndu_forests_mangroves_to_grasslands,AFOLU
pij_lndu_forests_mangroves_to_forests_secondary,AFOLU
pij_lndu_forests_mangroves_to_forests_primary,AFOLU
pij_lndu_forests_mangroves_to_forests_mangroves,AFOLU
pij_lndu_croplands_to_wetlands,AFOLU
genfactor_lvst_daily_volatile_solids_chickens,AFOLU
pij_lndu_wetlands_to_wetlands,AFOLU
genfactor_lvst_daily_volatile_solids_cattle_dairy,AFOLU
ef_frst_forestfires_primary_co2,AFOLU
ef_frst_forestfires_mangroves_co2,AFOLU
ef_frst_c_per_wood_products,AFOLU
ratio_agrc_below_ground_to_above_ground_biomass_tubers,AFOLU
ratio_agrc_below_ground_to_above_ground_biomass_pulses,AFOLU
ratio_agrc_below_ground_to_above_ground_biomass_other_annual,AFOLU
ratio_agrc_below_ground_to_above_ground_biomass_cereals,AFOLU
frac_agrc_n_in_below_ground_residue_tubers,AFOLU
frac_agrc_n_in_below_ground_residue_rice,AFOLU
frac_agrc_n_in_below_ground_residue_pulses,AFOLU
frac_agrc_n_in_below_ground_residue_other_annual,AFOLU
frac_agrc_n_in_below_ground_residue_cereals,AFOLU
frac_agrc_n_in_above_ground_residue_tubers,AFOLU
frac_agrc_n_in_above_ground_residue_rice,AFOLU
frac_agrc_n_in_above_ground_residue_pulses,AFOLU
frac_agrc_n_in_above_ground_residue_other_annual,AFOLU
frac_agrc_n_in_above_ground_residue_cereals,AFOLU
ef_agrc_biomass_other_woody_perennial_tonne_co2_ha,AFOLU
ef_agrc_biomass_nuts_tonne_co2_ha,AFOLU
ef_agrc_biomass_fruits_tonne_co2_ha,AFOLU
ef_agrc_biomass_burning_n2o,AFOLU
ef_agrc_biomass_bevs_and_spices_tonne_co2_ha,AFOLU
ef_agrc_anaerobicdom_rice_kg_ch4_ha,AFOLU
ef_frst_forestfires_secondary_co2,AFOLU
hl_frst_half_life_hwp_paper_products,AFOLU
ratio_agrc_below_ground_to_above_ground_biomass_rice,AFOLU
qty_frst_biomass_consumed_by_fire_temperate_primary_tonne_per_ha,AFOLU
genfactor_lvst_daily_volatile_solids_buffalo,AFOLU
genfactor_lvst_daily_nitrogen_sheep,AFOLU
genfactor_lvst_daily_nitrogen_pigs,AFOLU
genfactor_lvst_daily_nitrogen_mules,AFOLU
genfactor_lvst_daily_nitrogen_horses,AFOLU
genfactor_lvst_daily_nitrogen_goats,AFOLU
hl_frst_half_life_hwp_wood_products,AFOLU
genfactor_lvst_daily_nitrogen_cattle_nondairy,AFOLU
genfactor_lvst_daily_nitrogen_cattle_dairy,AFOLU
genfactor_lvst_daily_nitrogen_buffalo,AFOLU
ef_lvst_entferm_sheep_kg_ch4_head,AFOLU
ef_lvst_entferm_pigs_kg_ch4_head,AFOLU
genfactor_lvst_daily_nitrogen_chickens,AFOLU
ef_lvst_entferm_horses_kg_ch4_head,AFOLU
ef_lvst_entferm_mules_kg_ch4_head,AFOLU
qty_frst_biomass_consumed_by_fire_temperate_secondary_tonne_per_ha,AFOLU
qty_frst_biomass_consumed_by_fire_tropical_primary_tonne_per_ha,AFOLU
qty_frst_biomass_consumed_by_fire_tropical_secondary_tonne_per_ha,AFOLU
ef_lndu_boc_wetlands_gg_ch4_ha,AFOLU
pij_lndu_wetlands_to_settlements,AFOLU
scalar_lndu_vegetarian_dietary_exchange,AFOLU
ef_lvst_entferm_buffalo_kg_ch4_head,AFOLU
ef_lvst_entferm_cattle_dairy_kg_ch4_head,AFOLU
ef_lvst_entferm_cattle_nondairy_kg_ch4_head,AFOLU
ef_lvst_entferm_goats_kg_ch4_head,AFOLU
elasticity_agrc_tubers_demand_to_income,AFOLU
ef_frst_sequestration_mangroves_kt_co2_ha,AFOLU
ef_lndu_conv_forests_secondary_to_forests_mangroves_gg_co2_ha,AFOLU
avgmass_lvst_animal_sheep_kg,AFOLU
elasticity_lvst_cattle_dairy_demand_to_gdppc,AFOLU
qty_lsmm_nitrogen_in_bedding_kg_per_head_deep_bedding,AFOLU
ef_soil_c_cultivated_organic_temperate_crop_grass_tonne_per_ha,AFOLU
pij_calib,AFOLU
efficfactor_entc_technology_fuel_use_pp_biogas,ElectricEnergy
efficfactor_entc_technology_fuel_use_pp_biomass,ElectricEnergy
efficfactor_entc_technology_fuel_use_pp_coal,ElectricEnergy
efficfactor_entc_technology_fuel_use_pp_gas,ElectricEnergy
efficfactor_entc_technology_fuel_use_pp_geothermal,ElectricEnergy
efficfactor_entc_technology_fuel_use_pp_hydropower,ElectricEnergy
efficfactor_entc_technology_fuel_use_pp_nuclear,ElectricEnergy
efficfactor_entc_technology_fuel_use_pp_ocean,ElectricEnergy
efficfactor_entc_technology_fuel_use_pp_oil,ElectricEnergy
efficfactor_entc_technology_fuel_use_pp_solar,ElectricEnergy
efficfactor_entc_technology_fuel_use_pp_waste_incineration,ElectricEnergy
efficfactor_entc_technology_fuel_use_pp_wind,ElectricEnergy
efficfactor_entc_technology_fuel_use_st_batteries,ElectricEnergy
efficfactor_entc_technology_fuel_use_st_compressed_air,ElectricEnergy
efficfactor_entc_technology_fuel_use_st_flywheels,ElectricEnergy
ef_fgtv_distribution_tonne_ch4_per_m3_fuel_natural_gas,Fugitive
ef_fgtv_distribution_tonne_co2_per_m3_fuel_natural_gas,Fugitive
ef_fgtv_distribution_tonne_nmvoc_per_m3_fuel_natural_gas,Fugitive
ef_fgtv_production_flaring_tonne_ch4_per_m3_fuel_coal,Fugitive
ef_fgtv_production_flaring_tonne_ch4_per_m3_fuel_natural_gas,Fugitive
ef_fgtv_production_flaring_tonne_ch4_per_m3_fuel_oil,Fugitive
ef_fgtv_production_flaring_tonne_co2_per_m3_fuel_coal,Fugitive
ef_fgtv_production_flaring_tonne_co2_per_m3_fuel_natural_gas,Fugitive
ef_fgtv_production_flaring_tonne_co2_per_m3_fuel_oil,Fugitive
ef_fgtv_production_flaring_tonne_n2o_per_m3_fuel_natural_gas,Fugitive
ef_fgtv_production_flaring_tonne_n2o_per_m3_fuel_oil,Fugitive
ef_fgtv_production_flaring_tonne_nmvoc_per_m3_fuel_natural_gas,Fugitive
ef_fgtv_production_flaring_tonne_nmvoc_per_m3_fuel_oil,Fugitive
ef_fgtv_production_fugitive_tonne_ch4_per_m3_fuel_coal,Fugitive
ef_fgtv_production_fugitive_tonne_ch4_per_m3_fuel_natural_gas,Fugitive
ef_fgtv_production_fugitive_tonne_ch4_per_m3_fuel_oil,Fugitive
ef_fgtv_production_fugitive_tonne_co2_per_m3_fuel_coal,Fugitive
ef_fgtv_production_fugitive_tonne_co2_per_m3_fuel_natural_gas,Fugitive
ef_fgtv_production_fugitive_tonne_co2_per_m3_fuel_oil,Fugitive
ef_fgtv_production_fugitive_tonne_n2o_per_m3_fuel_oil,Fugitive
ef_fgtv_production_fugitive_tonne_nmvoc_per_m3_fuel_natural_gas,Fugitive
ef_fgtv_production_fugitive_tonne_nmvoc_per_m3_fuel_oil,Fugitive
ef_fgtv_production_venting_tonne_ch4_per_m3_fuel_coal,Fugitive
ef_fgtv_production_venting_tonne_ch4_per_m3_fuel_oil,Fugitive
ef_fgtv_production_venting_tonne_co2_per_m3_fuel_coal,Fugitive
ef_fgtv_production_venting_tonne_co2_per_m3_fuel_oil,Fugitive
ef_fgtv_production_venting_tonne_n2o_per_m3_fuel_oil,Fugitive
ef_fgtv_production_venting_tonne_nmvoc_per_m3_fuel_oil,Fugitive
ef_fgtv_transmission_tonne_ch4_per_m3_fuel_natural_gas,Fugitive
ef_fgtv_transmission_tonne_ch4_per_m3_fuel_oil,Fugitive
ef_fgtv_transmission_tonne_co2_per_m3_fuel_natural_gas,Fugitive
ef_fgtv_transmission_tonne_co2_per_m3_fuel_oil,Fugitive
ef_fgtv_transmission_tonne_n2o_per_m3_fuel_oil,Fugitive
ef_fgtv_transmission_tonne_nmvoc_per_m3_fuel_natural_gas,Fugitive
ef_fgtv_transmission_tonne_nmvoc_per_m3_fuel_oil,Fugitive
frac_fgtv_drained_and_waste_ch4_flared_fuel_coal,Fugitive
frac_fgtv_drained_and_waste_ch4_flared_fuel_oil,Fugitive
frac_fgtv_reduction_in_fugitive_leaks,Fugitive
elasticity_scoe_enerdem_per_hh_residential_elec_appliances_to_gdppc,NonElectricEnergy
elasticity_scoe_enerdem_per_hh_residential_heat_energy_to_gdppc,NonElectricEnergy
elasticity_scoe_enerdem_per_mmmgdp_commercial_municipal_elec_appliances_to_gdppc,NonElectricEnergy
elasticity_scoe_enerdem_per_mmmgdp_commercial_municipal_heat_energy_to_gdppc,NonElectricEnergy
elasticity_scoe_enerdem_per_mmmgdp_other_se_heat_energy_to_gdppc,NonElectricEnergy
ef_trns_mobile_combustion_aviation_kg_ch4_per_tj_kerosene,NonElectricEnergy
ef_trns_mobile_combustion_aviation_kg_n2o_per_tj_kerosene,NonElectricEnergy
ef_trns_mobile_combustion_powered_bikes_kg_ch4_per_tj_gasoline,NonElectricEnergy
ef_trns_mobile_combustion_powered_bikes_kg_n2o_per_tj_gasoline,NonElectricEnergy
ef_trns_mobile_combustion_public_kg_ch4_per_tj_biofuels,NonElectricEnergy
ef_trns_mobile_combustion_public_kg_ch4_per_tj_diesel,NonElectricEnergy
ef_trns_mobile_combustion_public_kg_ch4_per_tj_gasoline,NonElectricEnergy
ef_trns_mobile_combustion_public_kg_ch4_per_tj_natural_gas,NonElectricEnergy
ef_trns_mobile_combustion_public_kg_n2o_per_tj_biofuels,NonElectricEnergy
ef_trns_mobile_combustion_public_kg_n2o_per_tj_diesel,NonElectricEnergy
ef_trns_mobile_combustion_public_kg_n2o_per_tj_gasoline,NonElectricEnergy
ef_trns_mobile_combustion_public_kg_n2o_per_tj_natural_gas,NonElectricEnergy
ef_trns_mobile_combustion_rail_freight_kg_ch4_per_tj_diesel,NonElectricEnergy
ef_trns_mobile_combustion_rail_freight_kg_ch4_per_tj_natural_gas,NonElectricEnergy
ef_trns_mobile_combustion_rail_freight_kg_n2o_per_tj_diesel,NonElectricEnergy
ef_trns_mobile_combustion_rail_freight_kg_n2o_per_tj_natural_gas,NonElectricEnergy
ef_trns_mobile_combustion_rail_passenger_kg_ch4_per_tj_diesel,NonElectricEnergy
ef_trns_mobile_combustion_rail_passenger_kg_ch4_per_tj_natural_gas,NonElectricEnergy
ef_trns_mobile_combustion_rail_passenger_kg_n2o_per_tj_diesel,NonElectricEnergy
ef_trns_mobile_combustion_rail_passenger_kg_n2o_per_tj_natural_gas,NonElectricEnergy
ef_trns_mobile_combustion_road_heavy_freight_kg_ch4_per_tj_biofuels,NonElectricEnergy
ef_trns_mobile_combustion_road_heavy_freight_kg_ch4_per_tj_diesel,NonElectricEnergy
ef_trns_mobile_combustion_road_heavy_freight_kg_ch4_per_tj_gasoline,NonElectricEnergy
ef_trns_mobile_combustion_road_heavy_freight_kg_ch4_per_tj_natural_gas,NonElectricEnergy
ef_trns_mobile_combustion_road_heavy_freight_kg_n2o_per_tj_biofuels,NonElectricEnergy
ef_trns_mobile_combustion_road_heavy_freight_kg_n2o_per_tj_diesel,NonElectricEnergy
ef_trns_mobile_combustion_road_heavy_freight_kg_n2o_per_tj_gasoline,NonElectricEnergy
ef_trns_mobile_combustion_road_heavy_freight_kg_n2o_per_tj_natural_gas,NonElectricEnergy
ef_trns_mobile_combustion_road_heavy_regional_kg_ch4_per_tj_biofuels,NonElectricEnergy
ef_trns_mobile_combustion_road_heavy_regional_kg_ch4_per_tj_diesel,NonElectricEnergy
ef_trns_mobile_combustion_road_heavy_regional_kg_ch4_per_tj_gasoline,NonElectricEnergy
ef_trns_mobile_combustion_road_heavy_regional_kg_ch4_per_tj_natural_gas,NonElectricEnergy
ef_trns_mobile_combustion_road_heavy_regional_kg_n2o_per_tj_biofuels,NonElectricEnergy
ef_trns_mobile_combustion_road_heavy_regional_kg_n2o_per_tj_diesel,NonElectricEnergy
ef_trns_mobile_combustion_road_heavy_regional_kg_n2o_per_tj_gasoline,NonElectricEnergy
ef_trns_mobile_combustion_road_heavy_regional_kg_n2o_per_tj_natural_gas,NonElectricEnergy
ef_trns_mobile_combustion_road_light_kg_ch4_per_tj_biofuels,NonElectricEnergy
ef_trns_mobile_combustion_road_light_kg_ch4_per_tj_diesel,NonElectricEnergy
ef_trns_mobile_combustion_road_light_kg_ch4_per_tj_gasoline,NonElectricEnergy
ef_trns_mobile_combustion_road_light_kg_n2o_per_tj_biofuels,NonElectricEnergy
ef_trns_mobile_combustion_road_light_kg_n2o_per_tj_diesel,NonElectricEnergy
ef_trns_mobile_combustion_road_light_kg_n2o_per_tj_gasoline,NonElectricEnergy
ef_trns_mobile_combustion_water_borne_kg_ch4_per_tj_diesel,NonElectricEnergy
ef_trns_mobile_combustion_water_borne_kg_ch4_per_tj_natural_gas,NonElectricEnergy
ef_trns_mobile_combustion_water_borne_kg_n2o_per_tj_diesel,NonElectricEnergy
ef_trns_mobile_combustion_water_borne_kg_n2o_per_tj_natural_gas,NonElectricEnergy
elecfuelefficiency_trns_aviation_km_per_kwh,NonElectricEnergy
elecfuelefficiency_trns_powered_bikes_km_per_kwh,NonElectricEnergy
elecfuelefficiency_trns_public_km_per_kwh,NonElectricEnergy
elecfuelefficiency_trns_rail_freight_km_per_kwh,NonElectricEnergy
elecfuelefficiency_trns_rail_passenger_km_per_kwh,NonElectricEnergy
elecfuelefficiency_trns_road_heavy_freight_km_per_kwh,NonElectricEnergy
elecfuelefficiency_trns_road_heavy_regional_km_per_kwh,NonElectricEnergy
elecfuelefficiency_trns_road_light_km_per_kwh,NonElectricEnergy
elecfuelefficiency_trns_water_borne_km_per_kwh,NonElectricEnergy
elasticity_trde_mtkm_to_gdp_freight,NonElectricEnergy
elasticity_trde_pkm_to_gdppc_private_and_public,NonElectricEnergy
elasticity_trde_pkm_to_gdppc_regional,NonElectricEnergy
